,,,,,acct_1Gvr6MEBxoE9Nrsm,,,,
,,,,,acct_1IglNiS2mEIMpHZE,,,,
,,,,,acct_1K1ikaS77JpYvWPG,,,,
,,,,,acct_1K3deFS84BaZgmQl,,,,
,,,,,acct_1JzNX8S6iQ8yL1N1,,,,
,,,,,acct_1JpcSiS9zyResSh2,,,,
,,,,,acct_1GEbSBBujqylhjCt,,,,
,,,,,acct_1JwIxTS2ZAfd2R2v,,,,
,,,,,acct_1JjEey2n83xN5HTm,,,,
,,,,,acct_1JZR21S63BKoCazr,,,,
,,,,,acct_1IiSZpS1VaSfDRP0,,,,
,,,,,acct_1JtlSlS93y9LlUrQ,,,,
,,,,,acct_1JyfSr2nojPxvrDJ,,,,
,,,,,acct_1IiUQIS9TydeOHWL,,,,
,,,,,acct_1JxvO22mMTBslvOg,,,,
,,,,,acct_1Jwn7BS4CQcH2nJh,,,,
,,,,,acct_1G0knkLWArQSKV9h,,,,
,,,,,acct_1JS8ieS18PqZ2HKl,,,,
,,,,,acct_1JxgtES3Dq9ftCud,,,,
,,,,,acct_1JwChjS42EpJIP0J,,,,
,,,,,acct_1JvkLhS76shIFZSQ,,,,
,,,,,acct_1G77X9HQ1Ntk2ZYl,,,,
,,,,,acct_1JvamVS9UQTQ9zHH,,,,
,,,,,acct_1GINGaBjhQTqxzcK,,,,
,,,,,acct_1Jw69mS8qm85vZM0,,,,
,,,,,acct_1JsnEkS7xq66n20c,,,,
,,,,,acct_1GkCv2LKDwXZLGq9,,,,
,,,,,acct_1J5VVJS3DysffsuK,,,,
,,,,,acct_1JZeKQS3Ae2KG8vE,,,,
,,,,,acct_1Jth1bS0Hr4FmPXl,,,,
,,,,,acct_1JcrtpS5e5jXUN5t,,,,
,,,,,acct_1JrWznS9M7Krti09,,,,
,,,,,acct_1JqjgAS2tg2lyOpX,,,,
,,,,,acct_1JrwIp2nXDBsxZIb,,,,
,,,,,acct_1JnFuzS1UpixExWQ,,,,
,,,,,acct_1Jr8If2mgaUXyXGQ,,,,
,,,,,acct_1FbnYACRGj213eUg,,,,
,,,,,acct_1JkJGkS8LAGd9x5G,,,,
,,,,,acct_1JokAJS3iBMDs35h,,,,
,,,,,acct_1GhG7IBlwJPTrMu8,,,,
,,,,,acct_1Jm4dOS0UPp4KY0v,,,,
,,,,,acct_1JoTyoS9hoyOnuck,,,,
,,,,,acct_1J4py3S0lyRJJL7p,,,,
,,,,,acct_1Jlha9S7T8U6uaba,,,,
,,,,,acct_1JkQD52m1Ly47YkE,,,,
,,,,,acct_1JmRY7S2wEcAX9dI,,,,
,,,,,acct_1JlOMBS1YLjRNyBA,,,,
,,,,,acct_1FzWyOAblp8G9fFL,,,,
,,,,,acct_1JfGSrS7VBFS83HA,,,,
,,,,,acct_1JiQcPS9F7ZUAKvm,,,,
,,,,,acct_1IVf52S4iK44X1i3,,,,
,,,,,acct_1JhNeZS4NjW890YH,,,,
,,,,,acct_1JU9opS9wmxqa3Kn,,,,
,,,,,acct_1Ijy0DS52bOloupK,,,,
,,,,,acct_1JjpjNS2ILTBJaZC,,,,
,,,,,acct_1JUEQKS13OHGO3RM,,,,
,,,,,acct_1J13QGS0wRLgUFjS,,,,
,,,,,acct_1JaLnUS5VeE9Obze,,,,
,,,,,acct_1JR76QS6BfNmhiRH,,,,
,,,,,acct_1Jj8NiS3IZFkuBmn,,,,
,,,,,acct_1JXUhjS7c5Ui1Pic,,,,
,,,,,acct_1JgvNX2mBLyBDxyf,,,,
,,,,,acct_1Jij5WS8wfeZpfig,,,,
,,,,,acct_1JiLH2S9HB8I7QQ1,,,,
,,,,,acct_1JcuUKS2TJEpRIBw,,,,
,,,,,acct_1Ja37LS3jvHjKbjg,,,,
,,,,,acct_1JSldbS5fUv21qpc,,,,
,,,,,acct_1JeAWoS4XVuL9Zni,,,,
,,,,,acct_1HqOB5S2sjhPjD3Z,,,,
,,,,,acct_1Jg11J2myHJrpazX,,,,
,,,,,acct_1JcY4ES8sfKw9RRk,,,,
,,,,,acct_1JamlmS6opBm6kJ7,,,,
,,,,,acct_1GPG7QDuORI0cC2t,,,,
,,,,,acct_1JSZ0WS4UtyTYeIb,,,,
,,,,,acct_1GTV0DGnaJL4eWsI,,,,
,,,,,acct_1JVo0jS1KVo9UsDE,,,,
,,,,,acct_1JcDo4S56UaOLzfb,,,,
,,,,,acct_1JbUWJS69Ci7E52Z,,,,
,,,,,acct_1JaX4FS5CpIgKjMA,,,,
,,,,,acct_1JXaWIS6NzZOmNhc,,,,
,,,,,acct_1JaOmDS6QBcornTa,,,,
,,,,,acct_1JUY2G2nSkRezpwe,,,,
,,,,,acct_1JPJWzS0wpoinHKk,,,,
,,,,,acct_1Ja0vfS0IdgXGhdB,,,,
,,,,,acct_1GWUpFH7F2TWuEoi,,,,
,,,,,acct_1JZJuLS3rEUxERDz,,,,
,,,,,acct_1JTDmkS6X3cnxHnZ,,,,
,,,,,acct_1JXrzkS4Dd9QPBwI,,,,
,,,,,acct_1JSuqaS1EZk9ID0s,,,,
,,,,,acct_1JYJV6S8Mnwrzk4W,,,,
,,,,,acct_1GWuSRIj1K2ZabBO,,,,
,,,,,acct_1IiVlGS1VvItWPDj,,,,
,,,,,acct_1JWX4bS38mjkgREc,,,,
,,,,,acct_1JWlCTS8s7sz6bKa,,,,
,,,,,acct_1JWDvDS1sZQr3CHW,,,,
,,,,,acct_1JUZoiS91K4RPZD8,,,,
,,,,,acct_1JUgafS0xJHtTFzp,,,,
,,,,,acct_1GiQE4IRfiJJfKQl,,,,
,,,,,acct_1JUCH0S1RMfHWsc7,,,,
,,,,,acct_1JWHbGS79TF0zL5X,,,,
,,,,,acct_1JVeYtS76GxPQF6U,,,,
,,,,,acct_1JV1lAS6PF2zTQuF,,,,
,,,,,acct_1JUC5IS8t0m29lSw,,,,
,,,,,acct_1JSsK4S9PRQ83JYU,,,,
,,,,,acct_1JSBA6S7AUY80R1C,,,,
,,,,,acct_1JRJ7jS8mif2ir8t,,,,
,,,,,acct_1JSpUZS2WPTHlHy2,,,,
,,,,,acct_1JJ5HES6nvwfXxkq,,,,
,,,,,acct_1JFV3IS51eTfUjfD,,,,
,,,,,acct_1JSAKq2nlN7t2nxy,,,,
,,,,,acct_1JRLDQ2m9KYTySU3,,,,
,,,,,acct_1JPXU0S9wwzPTRgg,,,,
,,,,,acct_1Gi5EXJE2QXO4i4F,,,,
,,,,,acct_1JOki72mGchPuzdI,,,,
,,,,,acct_1IB3iZS8dxDsRnSk,,,,
,,,,,acct_1JPfUqS0MAqmAY6x,,,,
,,,,,acct_1IPHUeS1OxbZOIkl,,,,
,,,,,acct_1HvoyfS7jk8Rp2qJ,,,,
,,,,,acct_1JPabeS5WNNjtZFb,,,,
,,,,,acct_1GNiGTFi5Rb9ff6T,,,,
,,,,,acct_1JPJxbS06yCCd8eL,,,,
,,,,,acct_1ISk2ZS3I8dEJo0E,,,,
,,,,,acct_1JO3cMS86leC4ApN,,,,
,,,,,acct_1JNIHO2mQ8Sntei0,,,,
,,,,,acct_1IynOxS0mMD4z4eX,,,,
,,,,,acct_1Ho1kuS28JGDlQOq,,,,
,,,,,acct_1IrBv3S1WSq3pw8r,,,,
,,,,,acct_1IXn89S0wIEq57az,,,,
,,,,,acct_1GusyXA7Ex07noEb,,,,
,,,,,acct_1JK4r7S0cyj0s63r,,,,
,,,,,acct_1JIFyLS0x8FxvX0i,,,,
,,,,,acct_1JIx1TS5l8crSHtf,,,,
,,,,,acct_1JKq9jS1zlHzBGfY,,,,
,,,,,acct_1GKlqPHRv5QwKG1f,,,,
,,,,,acct_1JJhtaS24fgEI2us,,,,
,,,,,acct_1GaMOpIMMGUaGTP2,,,,
,,,,,acct_1JFsLNS4oGbNFM7f,,,,
,,,,,acct_1JJiOlS0ViTS4Neu,,,,
,,,,,acct_1JF4U1S9xgGHziRW,,,,
,,,,,acct_1GthKxGL19L11xAn,,,,
,,,,,acct_1ISUxmS9OmEkOd37,,,,
,,,,,acct_1GysCWIsqDoy9Ezt,,,,
,,,,,acct_1DthQrH0a9X5KyNX,,,,
,,,,,acct_1JCRqfS8vEpWeHWz,,,,
,,,,,acct_1JEFFlS1a2yqEC6C,,,,
,,,,,acct_1JAG872mSjrnZMmV,,,,
,,,,,acct_1J9HWyS2Kt19iTlm,,,,
,,,,,acct_1JBnS32nJB6jekX2,,,,
,,,,,acct_1J9BGDS3yoQnDb5z,,,,
,,,,,acct_1J6GLfS0qK1YLOlb,,,,
,,,,,acct_1J6A37S9geKoyGAz,,,,
,,,,,acct_1IFaOmS5X4PtdzJK,,,,
,,,,,acct_1IUAFZS89eMKCOxp,,,,
,,,,,acct_1J7OnqS1337U3kj8,,,,
,,,,,acct_1HLFbOKvlXJ4tFym,,,,
,,,,,acct_1GVQa9DjsUL56YxZ,,,,
,,,,,acct_1FXoxoCMC8LlJEDV,,,,
,,,,,acct_1IEd0fS5mlZgjZMq,,,,
,,,,,acct_1HwYspS6f2e1CWyQ,,,,
,,,,,acct_1HoxCaS7f6Niq977,,,,
,,,,,acct_1INj6jS8gTj5o0bV,,,,
,,,,,acct_1IPbkL2noYd9q7VP,,,,
,,,,,acct_1Ig0uVS8TXGf4Q2u,,,,
,,,,,acct_1IlCZX2n6Jnf37lf,,,,
,,,,,acct_1EUlj4HWcRelD4DB,,,,
,,,,,acct_1G7uJ8CNbQ3bDlgG,,,,
,,,,,acct_1HLYOLAiC0GT4CkR,,,,
,,,,,acct_1IosSES9mC1Esn9U,,,,
,,,,,acct_1IfgO92nFD3o0A78,,,,
,,,,,acct_1IFV4FS8dxLjeB8x,,,,
,,,,,acct_1G2QUZBxp1Op1Jc6,,,,
,,,,,acct_1GdQUCFCFOtDUeJ1,,,,
,,,,,acct_1IsGpkS9E8FMOyYu,,,,
,,,,,acct_1I9lMxS6Q7SdKkc9,,,,
,,,,,acct_1Hu20VS0QxpOo6HB,,,,
,,,,,acct_1I9bIkS7ovPIo0Ga,,,,
,,,,,acct_1IbA2AS7w7oEXFcj,,,,
,,,,,acct_1IPuRGS2ssdYBVCM,,,,
,,,,,acct_1IBu64S4gcI4grjL,,,,
,,,,,acct_1IJQLqS2pomBjJgz,,,,
,,,,,acct_1IQDGVS7l49vMaPB,,,,
,,,,,acct_1IGQbzS9hdG3n7gQ,,,,
,,,,,acct_1IBl65S1ZCEc57mC,,,,
,,,,,acct_1Hjbm6S8BMs5OHwx,,,,
,,,,,acct_1G5v2lCcc3rbIvaW,,,,
,,,,,acct_1IlwjcS8pPaPEIfI,,,,
,,,,,acct_1IEiLU2mmR9sLe8g,,,,
,,,,,acct_1IRspeS12vO4ic4f,,,,
,,,,,acct_1IGKHCS83aB9tA5i,,,,
,,,,,acct_1IeYXUS2vFSQk98h,,,,
,,,,,acct_1INnmXS8W7n7ZXtj,,,,
,,,,,acct_1I7TwBS4AeDVAKfg,,,,
,,,,,acct_1Iv2qmS4MQ7jhsC3,,,,
,,,,,acct_1IBZ7qS8DEPmrBPb,,,,
,,,,,acct_1FKT51AEf2eD5dbh,,,,
,,,,,acct_1IQlcJS88j7YpDOL,,,,
,,,,,acct_1HpmWF2mRnxgb8h9,,,,
,,,,,acct_1InFzFS57EMzVVXR,,,,
,,,,,acct_1Ga1euG589dgCNaq,,,,
,,,,,acct_1HlSudS5bjSGAR1R,,,,
,,,,,acct_1HmKxSS8Ng8JvJEU,,,,
,,,,,acct_1IB0P1S3uC8l0tab,,,,
,,,,,acct_1IZc0TS67NIwmEZP,,,,
,,,,,acct_1HxhYcS4KjUv5NlN,,,,
,,,,,acct_1GUNnCJlrMmrnhV5,,,,
,,,,,acct_1IpHdyS7wlK6GQVv,,,,
,,,,,acct_1G8Y5tFBtTi0WK4I,,,,
,,,,,acct_1HsARoS4PMdyTzAN,,,,
,,,,,acct_1IGHWzS6Rjd6PjTs,,,,
,,,,,acct_1IB1y5S8mQBfKqVn,,,,
,,,,,acct_1INU3JS8R8HfseN3,,,,
,,,,,acct_1I6U11S9YE2NLbgh,,,,
,,,,,acct_1GTV3UDjL9zd4xn6,,,,
,,,,,acct_1IC8EAS1Bv8a4p8K,,,,
,,,,,acct_1IHDFdS0kCfssZXq,,,,
,,,,,acct_1HK7jOEXbHGevc35,,,,
,,,,,acct_1Ipz0US7EjuRoYGa,,,,
,,,,,acct_1J2iQ2S2DtY9KsMY,,,,
,,,,,acct_1HzmPPS3c2CkFkHZ,,,,
,,,,,acct_1FrC6XEdn4XROOJp,,,,
,,,,,acct_1GRn3jEcIzmgLBil,,,,
,,,,,acct_1GsFpxKcv5iJMIA6,,,,
,,,,,acct_1GTnevH1QPGaX81g,,,,
,,,,,acct_1HvHPGS9zbde731Y,,,,
,,,,,acct_1He0zbCM1wdfHlNV,,,,
,,,,,acct_1GRTfnEQVsY1DzQr,,,,
,,,,,acct_1IBhquS2ufK1DmCB,,,,
,,,,,acct_1HvQbgS5HukUrEXi,,,,
,,,,,acct_1IoRoRS8kfuwZFzk,,,,
,,,,,acct_1BYRb2Foj0dT9eZw,,,,
,,,,,acct_1HtFCy2nBNSJHY57,,,,
,,,,,acct_1G8yfWInLJlHkWiE,,,,
,,,,,acct_1GtBuIAeVdVfUUFv,,,,
,,,,,acct_1If1jhS3BDvYOfVa,,,,
,,,,,acct_1I8UOJS8w30h35W0,,,,
,,,,,acct_1DHuK6EOmCeGOZjI,,,,
,,,,,acct_1IgZyeS6PlYkIqwi,,,,
,,,,,acct_1I9DhlS1GJVxE6Jk,,,,
,,,,,acct_1GmUMbLU4XZHFGUc,,,,
,,,,,acct_1IBpGeS0G08q8oyG,,,,
,,,,,acct_1IDWMBS0k8km8WMv,,,,
,,,,,acct_1HzCIAS1eOczxY8F,,,,
,,,,,acct_1I6b7QS4UK7LwaDv,,,,
,,,,,acct_1INhAn2m7vxHFKI1,,,,
,,,,,acct_1HLC3OH00vBMNuHi,,,,
,,,,,acct_1IWIcoS9j0iu0sTB,,,,
,,,,,acct_1IJbeT2n6ZBdSwKf,,,,
,,,,,acct_1Hr5AWS73h2CRpT6,,,,
,,,,,acct_1IC8SnS39yXqm1r3,,,,
,,,,,acct_1HMKWgCz8iiqxFCM,,,,
,,,,,acct_1H7PPgILTOmQmdDc,,,,
,,,,,acct_1IM0gRS5Hw9bJEQL,,,,
,,,,,acct_1I6yFNS9wfWNtSD5,,,,
,,,,,acct_1HZRdYCdoGiX8y6z,,,,
,,,,,acct_1IyYIIS9xkv16sNx,,,,
,,,,,acct_1Is8lf2mx2BreHLZ,,,,
,,,,,acct_1IGSOtS1fdBYSS4P,,,,
,,,,,acct_1ESYblGFYkE46mQr,,,,
,,,,,acct_1IDb3WS0N6i1sL2N,,,,
,,,,,acct_1GUGX2FZtHHvYwCQ,,,,
,,,,,acct_1Irv2iS5HzAwA42n,,,,
,,,,,acct_1GVrrrKAlySee3cr,,,,
,,,,,acct_1GTXFoFXjetinIA2,,,,
,,,,,acct_1IGHJ4S3Z20oHsKG,,,,
,,,,,acct_1GDwF0IeeR6fDlJu,,,,
,,,,,acct_1InXzIS9HhTNy7ID,,,,
,,,,,acct_1HDwyGCDH3FdAbqx,,,,
,,,,,acct_1INmr0S5DcqbhEHb,,,,
,,,,,acct_1IR2PR2nUfv2oXyV,,,,
,,,,,acct_1HuJ47S3dxvPvzLE,,,,
,,,,,acct_1IOOXlS36HjoVOny,,,,
,,,,,acct_1J7GRS2m3E9EEfQT,,,,
,,,,,acct_1IDZYKS9Pat6ZqNy,,,,
,,,,,acct_1IjQXqS81ZfPDBGv,,,,
,,,,,acct_1IU8K3S9uUrnoyon,,,,
,,,,,acct_1I9icBS4eb5aMmt2,,,,
,,,,,acct_1I7qhaS0pXf5pqWH,,,,
,,,,,acct_1I4WPy2nDq6A3iJ8,,,,
,,,,,acct_1IYjx82mlrq4bpbh,,,,
,,,,,acct_1I9OnkS7JqqJH1mT,,,,
,,,,,acct_1Hylc1S2SHiyOBt5,,,,
,,,,,acct_1IDYjkS6zFaYMsJq,,,,
,,,,,acct_1I5uuK2nwYHvz6SA,,,,
,,,,,acct_1IPkViS8CMS7NRXw,,,,
,,,,,acct_1ITzRmS5OqwGxRa1,,,,
,,,,,acct_1IEOAv2nZT2tqxm9,,,,
,,,,,acct_1IL978S2RJM9VgNE,,,,
,,,,,acct_1I8nGVS1UtSRg0xZ,,,,
,,,,,acct_1GUuVkI02Igvib2G,,,,
,,,,,acct_1IaKACS37nCwpXJl,,,,
,,,,,acct_1J7fbbS2Y1QU5I9m,,,,
,,,,,acct_1GVfNGIPnFP0OglP,,,,
,,,,,acct_1Ga8sZHUVXTn5dyO,,,,
,,,,,acct_1GnRdKGzDYTse0MV,,,,
,,,,,acct_1Ipcrq2niJV4gdO9,,,,
,,,,,acct_1ICSVCS9cfJlZxzt,,,,
,,,,,acct_1IdOYBS5sZH1O78F,,,,
,,,,,acct_1IbRrxS48NtTF9CZ,,,,
,,,,,acct_1H7vkALoYsUbNXfQ,,,,
,,,,,acct_1IAXjaS1xzrJkCYN,,,,
,,,,,acct_1IIkiAS9sa14Rcc9,,,,
,,,,,acct_1HfbCJDnD3qzRSXH,,,,
,,,,,acct_1HBlWpFgXLS2OlZR,,,,
,,,,,acct_1I6s6GS2VXvT4qJK,,,,
,,,,,acct_1HnDmlS48pKRtqG5,,,,
,,,,,acct_1Ir0YxS8LTNKriKW,,,,
,,,,,acct_1IBN95S7zpA1J1sR,,,,
,,,,,acct_1Gu5qVKMoCclJAya,,,,
,,,,,acct_1ICdvPS5cNzOczaT,,,,
,,,,,acct_1I1jMAS5CZg23rTj,,,,
,,,,,acct_1HqKECS3JU4QsGWh,,,,
,,,,,acct_1IhNS5S3AwuqfZ0S,,,,
,,,,,acct_1Ipx20S7h4ed1qlb,,,,
,,,,,acct_1IE1FlS0yBa9SeJ7,,,,
,,,,,acct_1IBOP3S4mw5IxPdR,,,,
,,,,,acct_1IzlfeS3hGt2x3xY,,,,
,,,,,acct_1GmjI2GD3uB3BATw,,,,
,,,,,acct_1IO5L7S5Ozb5TdYG,,,,
,,,,,acct_1GJMUbEdoJ4btsTz,,,,
,,,,,acct_1IlPxZS3OG30SpOz,,,,
,,,,,acct_1HrADpS4Klut789w,,,,
,,,,,acct_1GIN4WLD95BLuX11,,,,
,,,,,acct_1HuMlIS9TaSjAiut,,,,
,,,,,acct_1I8ST12ng7tRIo7W,,,,
,,,,,acct_1IaRtkS5UKXwRPcG,,,,
,,,,,acct_1IjICJS9yuWFSzMD,,,,
,,,,,acct_1IG5LLS2z29hYjee,,,,
,,,,,acct_1HwWexS8VIQD32po,,,,
,,,,,acct_1I9jVKS10YUHbzhA,,,,
,,,,,acct_1Hqq8AS9k9TpPpO3,,,,
,,,,,acct_1I8zmdS00ZbP1nqM,,,,
,,,,,acct_1HjUbR2miLiTf5bA,,,,
,,,,,acct_1IbYwNS7Qno8GgVC,,,,
,,,,,acct_1I9Gw1S4yC0yrkcT,,,,
,,,,,acct_1GmOBaAzKdNNIoFQ,,,,
,,,,,acct_1IGppxS5hXrP1cry,,,,
,,,,,acct_1IruzNS03vIO2uCJ,,,,
,,,,,acct_1IAkYGS4sYKdNhDM,,,,
,,,,,acct_1IeQSvS2K8DVCLjS,,,,
,,,,,acct_1G2fntBlORzxTiQB,,,,
,,,,,acct_1IDiTMS6KNnWUwuH,,,,
,,,,,acct_1ISuQIS7f1wVsRGm,,,,
,,,,,acct_1IXoecS1VIPr03PL,,,,
,,,,,acct_1G5IM8GhW1WJHwCi,,,,
,,,,,acct_1GbXmzGN2uD6ldR5,,,,
,,,,,acct_1IIct2S0N754TwCp,,,,
,,,,,acct_1Iu3EM2m64Ozmjyj,,,,
,,,,,acct_1IaKxRS0cuidw2LP,,,,
,,,,,acct_1IGq24S8zeWJjde8,,,,
,,,,,acct_1In0rFS8yKh9koyS,,,,
,,,,,acct_1G6Q7iBKrgxxzP1R,,,,
,,,,,acct_1IbbCOS9HzP1LQoL,,,,
,,,,,acct_1Gat0mBU7H70dYvU,,,,
,,,,,acct_1HmQxDS0uQ62dXPP,,,,
,,,,,acct_1I6lGD2mMziarS2o,,,,
,,,,,acct_1IjYKtS9Uff1a9Un,,,,
,,,,,acct_1IWo0xS2Y3HueAGy,,,,
,,,,,acct_1I0Gh02mf9dodJtQ,,,,
,,,,,acct_1IGbhi2mOKcUYH1t,,,,
,,,,,acct_1HoE8AS0pYogvFkY,,,,
,,,,,acct_1HpgtfS1lfVxtLyl,,,,
,,,,,acct_1IlxBs2mgZlXPy8H,,,,
,,,,,acct_1ITUX1S2rUcrXKfe,,,,
,,,,,acct_1GvZuvEC6FDshfjf,,,,
,,,,,acct_1I5TT6S7ZftObf7m,,,,
,,,,,acct_1I9af82n6eOkGrEI,,,,
,,,,,acct_1HYuK3FbwiO0sP4z,,,,
,,,,,acct_1I893ZS7nQgQWQoR,,,,
,,,,,acct_1IlGZ32mJ0nv2Nq5,,,,
,,,,,acct_1IIEMBS5XshIQQiy,,,,
,,,,,acct_1I3u7cS14f1mtpwm,,,,
,,,,,acct_1Ie2U6S1zjsC3GLw,,,,
,,,,,acct_1IgB532nIr2gb1sm,,,,
,,,,,acct_1IkrEz2mW6ZApGt1,,,,
,,,,,acct_1IHG0XS6QZqlUwWz,,,,
,,,,,acct_1HeyXlJ3Jinr1NGd,,,,
,,,,,acct_1IXpLhS2FSVonvph,,,,
,,,,,acct_1GD1r2F059sUJL3i,,,,
,,,,,acct_1ESm4lGyOu7BdWLB,,,,
,,,,,acct_1Ir3SQS6wy75ihlK,,,,
,,,,,acct_1IXgJRS8UU7L1KNQ,,,,
,,,,,acct_1IQEgWS12wsbQwGa,,,,
,,,,,acct_1IGBANS3QzqPAqAN,,,,
,,,,,acct_1G0dQFCkUx2HzmTx,,,,
,,,,,acct_1ICR2BS0Afap5CIw,,,,
,,,,,acct_1HsxizS0Jp6NJFWZ,,,,
,,,,,acct_1IIcdAS37Dtq2J4t,,,,
,,,,,acct_1GCDGEDu77k8SfGL,,,,
,,,,,acct_1IjpBeS7cJ2CQ3mu,,,,
,,,,,acct_1GUBjWEXXWgpgTx2,,,,
,,,,,acct_1F66FHJDGHzZ0zti,,,,
,,,,,acct_1I9IaHS22yiICf7R,,,,
,,,,,acct_1HLBpmKbN8sbC3eL,,,,
,,,,,acct_1IbU1T2mWIKQweQs,,,,
,,,,,acct_1J3MMy2mXp2iVvs2,,,,
,,,,,acct_1IUPdU2mjmFFWMfF,,,,
,,,,,acct_1GaOvYF0YIevsJrs,,,,
,,,,,acct_1IiTMo2m3Nmn6Ue8,,,,
,,,,,acct_1IkuaES7AVuArBJJ,,,,
,,,,,acct_1IO1RDS7CJ8RJN9U,,,,
,,,,,acct_1IqQesS2ruQjRfwl,,,,
,,,,,acct_1ImRlwS2JTs2jKlv,,,,
,,,,,acct_1Hn8WcS5g5IUaDta,,,,
,,,,,acct_1HqgLWS0WS8LaZmR,,,,
,,,,,acct_1GZ2TiDXOu6KtKs1,,,,
,,,,,acct_1GaQWUJFCg2jq1LS,,,,
,,,,,acct_1J3TLs2mHZLDJfpc,,,,
,,,,,acct_1IRDM4S9Yf0kgEe7,,,,
,,,,,acct_1IIQ0qS6iLvUzeYy,,,,
,,,,,acct_1IxYECS5GwB5xwOU,,,,
,,,,,acct_1Iat04S02XYVQdp3,,,,
,,,,,acct_1ILEhmS7NaFycgTq,,,,
,,,,,acct_1IgIFq2mijO0Ezwo,,,,
,,,,,acct_1IlhPwS5OmL8BOyP,,,,
,,,,,acct_1IanbnS07niW0rVh,,,,
,,,,,acct_1IBZNFS0daymnqiX,,,,
,,,,,acct_1GdFsEABBX5AYa8x,,,,
,,,,,acct_1IBX3Z2m1rCSFG1w,,,,
,,,,,acct_1Ggvw5GvO3MkrkNQ,,,,
,,,,,acct_1IIau02mQt3kSDfn,,,,
,,,,,acct_1Hr5MyS6nu1DCVUj,,,,
,,,,,acct_1IFR3zS01dSYxfoE,,,,
,,,,,acct_1HnhHHS65yw8vRel,,,,
,,,,,acct_1Hu6dgS0DFlWmcME,,,,
,,,,,acct_1GqmDrD7YeOmqUR3,,,,
,,,,,acct_1Ium5kS7WJzUo80c,,,,
,,,,,acct_1Ii5jBS0aimuKV79,,,,
,,,,,acct_1GxG77FmDnhKgkNT,,,,
,,,,,acct_1Gvr6MEBxoE9Nrsm,,,,
,,,,,acct_1JiQcPS9F7ZUAKvm,,,,
,,,,,acct_1JamlmS6opBm6kJ7,,,,
,,,,,acct_1JVo0jS1KVo9UsDE,,,,
,,,,,acct_1GNiGTFi5Rb9ff6T,,,,
,,,,,acct_1HLYOLAiC0GT4CkR,,,,
,,,,,acct_1GTnevH1QPGaX81g,,,,
,,,,,acct_1IWIcoS9j0iu0sTB,,,,
,,,,,acct_1HBlWpFgXLS2OlZR,,,,
,,,,,acct_1IO5L7S5Ozb5TdYG,,,,
,,,,,acct_1HeyXlJ3Jinr1NGd,,,,
,,,,,acct_1HqgLWS0WS8LaZmR,,,,
,,,,,acct_1GqmDrD7YeOmqUR3,,,,